cluster,deterioration_severe_hypoxemia,deterioration_ecmo,deterioration_vasopressors,deterioration_inotropes,deterioration_mechanical_ventilation,deterioration_cardiac_arrest,deterioration_icu_24h,deterioration_icu_stay,deterioration_mortality_1d,deterioration_mortality_7d,deterioration_mortality_28d,deterioration_mortality_90d,deterioration_mortality_180d,deterioration_mortality_365d,deterioration_mortality_stay
0,0.011838989739542225,0.0005966587112171838,0.04832935560859188,0.012529832935560859,0.09904534606205251,0.016109785202863963,0.3578313253012048,0.41204819277108434,0.035542168674698796,0.09156626506024096,0.1927710843373494,0.3102409638554217,0.39036144578313253,0.4650602409638554,0.0024096385542168677
1,0.006220389440396623,0.0013272095419380751,0.008687983514660427,0.002724272217662365,0.030953669909016292,0.0036672895237762604,0.12377596016446187,0.14928683516117439,0.0057391821665412675,0.01671011880806985,0.03865199209112701,0.07119735437700128,0.09907963115256076,0.13801158334937272,0.000752392784028276
2,0.0125,0.009828009828009828,0.09582309582309582,0.044226044226044224,0.2800982800982801,0.09582309582309582,0.5113350125944585,0.5591939546599496,0.07772020725388601,0.13212435233160622,0.20984455958549222,0.25129533678756477,0.27461139896373055,0.30569948186528495,0.007772020725388601
