cluster,deterioration_severe_hypoxemia,deterioration_ecmo,deterioration_vasopressors,deterioration_inotropes,deterioration_mechanical_ventilation,deterioration_cardiac_arrest,deterioration_icu_24h,deterioration_icu_stay,deterioration_mortality_1d,deterioration_mortality_7d,deterioration_mortality_28d,deterioration_mortality_90d,deterioration_mortality_180d,deterioration_mortality_365d,deterioration_mortality_stay
0,0.01568627450980392,0.009324009324009324,0.09090909090909091,0.04195804195804196,0.27972027972027974,0.10256410256410256,0.5011933174224343,0.5465393794749404,0.07598039215686274,0.1323529411764706,0.20588235294117646,0.25,0.2769607843137255,0.30637254901960786,0.007352941176470588
1,0.006249276704085175,0.0013259591395223059,0.008723415391594116,0.0027478758483521467,0.031055358794075057,0.0036900047106443114,0.1240201445149989,0.1495248522005693,0.005812479787429311,0.01679063710022813,0.03875569229693468,0.07132306024875665,0.09921422265730843,0.13817968866085711,0.0007604296864757143
2,0.009393680614859094,0.000646830530401035,0.04915912031047866,0.01164294954721863,0.09379042690815007,0.012289780077619664,0.3563968668407311,0.41383812010443866,0.03200522534291313,0.09013716525146963,0.19660352710646636,0.3187459177008491,0.40169823644676683,0.4774657086871326,0.001959503592423253
